<?xml version="1.0" encoding="UTF-8"?>
<project-private xmlns="http://www.netbeans.org/ns/project-private/1">
    <editor-bookmarks xmlns="http://www.netbeans.org/ns/editor-bookmarks/2" lastBookmarkId="0"/>
    <open-files xmlns="http://www.netbeans.org/ns/projectui-open-files/2">
        <group>
            <file>file:/D:/Users/EGC/Documents/NetBeansProjects/MIMT_honeypot/src/mimt_honeypot/Main_page.java</file>
            <file>file:/D:/Users/EGC/Documents/NetBeansProjects/MIMT_honeypot/src/mimt_honeypot/SVM_Implementation.java</file>
            <file>file:/D:/Users/EGC/Documents/NetBeansProjects/MIMT_honeypot/src/mimt_honeypot/SVM_Distance.java</file>
            <file>file:/D:/Users/EGC/Documents/NetBeansProjects/MIMT_honeypot/src/mimt_honeypot/Classify.java</file>
            <file>file:/D:/Users/EGC/Documents/NetBeansProjects/MIMT_honeypot/src/mimt_honeypot/Home.java</file>
            <file>file:/D:/Users/EGC/Documents/NetBeansProjects/MIMT_honeypot/src/mimt_honeypot/View_data.java</file>
            <file>file:/D:/Users/EGC/Documents/NetBeansProjects/MIMT_honeypot/src/mimt_honeypot/SVM.java</file>
            <file>file:/D:/Users/EGC/Documents/NetBeansProjects/MIMT_honeypot/src/mimt_honeypot/Split.java</file>
            <file>file:/D:/Users/EGC/Documents/NetBeansProjects/MIMT_honeypot/src/mimt_honeypot/Preprocess.java</file>
            <file>file:/D:/Users/EGC/Documents/NetBeansProjects/MIMT_honeypot/src/mimt_honeypot/Import_packet.java</file>
            <file>file:/D:/Users/EGC/Documents/NetBeansProjects/MIMT_honeypot/src/mimt_honeypot/MIMT_honeypot.java</file>
            <file>file:/D:/Users/EGC/Documents/NetBeansProjects/MIMT_honeypot/src/mimt_honeypot/RF.java</file>
            <file>file:/D:/Users/EGC/Documents/NetBeansProjects/MIMT_honeypot/src/mimt_honeypot/Browse.java</file>
            <file>file:/D:/Users/EGC/Documents/NetBeansProjects/MIMT_honeypot/src/mimt_honeypot/RandomForest.java</file>
            <file>file:/D:/Users/EGC/Documents/NetBeansProjects/MIMT_honeypot/src/mimt_honeypot/DTree.java</file>
            <file>file:/D:/Users/EGC/Documents/NetBeansProjects/MIMT_honeypot/src/mimt_honeypot/DistanceAndFeatures.java</file>
        </group>
    </open-files>
</project-private>
